{
    "key": "group_669009786c710",
    "title": "URL shortener",
    "fields": [
        {
            "key": "field_6690097880c22",
            "label": "Full URL to redirect",
            "name": "full_url_to_redirect",
            "aria-label": "",
            "type": "url",
            "instructions": "Select the page on the site to redirect it with",
            "required": 0,
            "conditional_logic": 0,
            "wrapper": {
                "width": "",
                "class": "",
                "id": ""
            },
            "default_value": "",
            "placeholder": ""
        },
        {
            "key": "field_66900b6d057d0",
            "label": "Redirects",
            "name": "redirects",
            "aria-label": "",
            "type": "number",
            "instructions": "Number of redirects",
            "required": 1,
            "conditional_logic": 0,
            "wrapper": {
                "width": "",
                "class": "",
                "id": ""
            },
            "default_value": 0,
            "min": 0,
            "max": "",
            "placeholder": "",
            "step": "",
            "prepend": "",
            "append": ""
        }
    ],
    "location": [
        [
            {
                "param": "post_type",
                "operator": "==",
                "value": "su"
            }
        ]
    ],
    "menu_order": 0,
    "position": "normal",
    "style": "default",
    "label_placement": "top",
    "instruction_placement": "label",
    "hide_on_screen": "",
    "active": true,
    "description": "",
    "show_in_rest": 0,
    "modified": 1720799549
}
