{
    "key": "post_type_6690076a11993",
    "title": "URIs",
    "menu_order": 0,
    "active": true,
    "post_type": "su",
    "advanced_configuration": true,
    "import_source": "",
    "import_date": "",
    "labels": {
        "name": "URIs",
        "singular_name": "URI",
        "menu_name": "URIs",
        "all_items": "All URIs",
        "edit_item": "Edit URI",
        "view_item": "View URI",
        "view_items": "View URIs",
        "add_new_item": "Add New URI",
        "add_new": "Add New URI",
        "new_item": "New URI",
        "parent_item_colon": "Parent URI:",
        "search_items": "Search URIs",
        "not_found": "No uris found",
        "not_found_in_trash": "No uris found in Trash",
        "archives": "URI Archives",
        "attributes": "URI Attributes",
        "featured_image": "",
        "set_featured_image": "",
        "remove_featured_image": "",
        "use_featured_image": "",
        "insert_into_item": "Insert into uri",
        "uploaded_to_this_item": "Uploaded to this uri",
        "filter_items_list": "Filter uris list",
        "filter_by_date": "Filter uris by date",
        "items_list_navigation": "URIs list navigation",
        "items_list": "URIs list",
        "item_published": "URI published.",
        "item_published_privately": "URI published privately.",
        "item_reverted_to_draft": "URI reverted to draft.",
        "item_scheduled": "URI scheduled.",
        "item_updated": "URI updated.",
        "item_link": "URI Link",
        "item_link_description": "A link to a uri."
    },
    "description": "URL shortener",
    "public": true,
    "hierarchical": false,
    "exclude_from_search": false,
    "publicly_queryable": true,
    "show_ui": true,
    "show_in_menu": true,
    "admin_menu_parent": "",
    "show_in_admin_bar": true,
    "show_in_nav_menus": true,
    "show_in_rest": true,
    "rest_base": "",
    "rest_namespace": "wp\/v2",
    "rest_controller_class": "WP_REST_Posts_Controller",
    "menu_position": "",
    "menu_icon": {
        "type": "dashicons",
        "value": "dashicons-admin-links"
    },
    "rename_capabilities": true,
    "singular_capability_name": "su",
    "plural_capability_name": "sus",
    "supports": [
        "title",
        "custom-fields"
    ],
    "taxonomies": "",
    "has_archive": false,
    "has_archive_slug": "",
    "rewrite": {
        "permalink_rewrite": "post_type_key",
        "with_front": "1",
        "feeds": "0",
        "pages": "1"
    },
    "query_var": "post_type_key",
    "query_var_name": "",
    "can_export": true,
    "delete_with_user": false,
    "register_meta_box_cb": "",
    "enter_title_here": "",
    "modified": 1720799555
}
